dir_name,ID,subset,test
002_Kinect_FE_1,1,FE,probe
002_Kinect_FE_2,1,FE,probe
002_Kinect_NU_1,1,NU,gallery
002_Kinect_NU_2,1,NU,probe
002_Kinect_PS_1,1,PS,probe
002_Kinect_PS_2,1,PS,probe
012_Kinect_FE_1,8,FE,probe
012_Kinect_FE_2,8,FE,probe
012_Kinect_NU_1,8,NU,gallery
012_Kinect_NU_2,8,NU,probe
012_Kinect_OC_1,8,OC,probe
012_Kinect_OC_2,8,OC,probe
015_Kinect_FE_1,11,FE,probe
015_Kinect_FE_2,11,FE,probe
015_Kinect_NU_1,11,NU,gallery
015_Kinect_NU_2,11,NU,probe
015_Kinect_OC_1,11,OC,probe
015_Kinect_OC_2,11,OC,probe
015_Kinect_PS_1,11,PS,probe
015_Kinect_PS_2,11,PS,probe
020_Kinect_FE_1,15,FE,probe
020_Kinect_FE_2,15,FE,probe
020_Kinect_FE_3,15,FE,probe
020_Kinect_NU_1,15,NU,gallery
020_Kinect_NU_2,15,NU,probe
020_Kinect_PS_1,15,PS,probe
020_Kinect_PS_2,15,PS,probe
022_Kinect_FE_1,17,FE,probe
022_Kinect_FE_2,17,FE,probe
022_Kinect_NU_1,17,NU,gallery
022_Kinect_NU_2,17,NU,probe
022_Kinect_OC_1,17,OC,probe
022_Kinect_OC_2,17,OC,probe
022_Kinect_PS_1,17,PS,probe
022_Kinect_PS_2,17,PS,probe
024_Kinect_FE_1,18,FE,probe
024_Kinect_FE_2,18,FE,probe
024_Kinect_NU_1,18,NU,gallery
024_Kinect_NU_2,18,NU,probe
024_Kinect_OC_1,18,OC,probe
024_Kinect_OC_2,18,OC,probe
024_Kinect_PS_1,18,PS,probe
024_Kinect_PS_2,18,PS,probe
025_Kinect_FE_1,19,FE,probe
025_Kinect_FE_2,19,FE,probe
025_Kinect_NU_1,19,NU,gallery
025_Kinect_NU_2,19,NU,probe
025_Kinect_OC_1,19,OC,probe
025_Kinect_OC_2,19,OC,probe
025_Kinect_PS_1,19,PS,probe
025_Kinect_PS_2,19,PS,probe
026_Kinect_FE_1,20,FE,probe
026_Kinect_FE_2,20,FE,probe
026_Kinect_NU_1,20,NU,gallery
026_Kinect_NU_2,20,NU,probe
026_Kinect_OC_1,20,OC,probe
026_Kinect_OC_2,20,OC,probe
026_Kinect_PS_1,20,PS,probe
026_Kinect_PS_2,20,PS,probe
027_Kinect_FE_1,21,FE,probe
027_Kinect_FE_2,21,FE,probe
027_Kinect_NU_1,21,NU,gallery
027_Kinect_NU_2,21,NU,probe
027_Kinect_OC_1,21,OC,probe
027_Kinect_OC_2,21,OC,probe
027_Kinect_PS_1,21,PS,probe
027_Kinect_PS_2,21,PS,probe
034_Kinect_FE_1,27,FE,probe
034_Kinect_FE_2,27,FE,probe
034_Kinect_NU_1,27,NU,gallery
034_Kinect_NU_2,27,NU,probe
034_Kinect_OC_1,27,OC,probe
034_Kinect_OC_2,27,OC,probe
034_Kinect_PS_1,27,PS,probe
034_Kinect_PS_2,27,PS,probe
035_Kinect_FE_1,28,FE,probe
035_Kinect_FE_2,28,FE,probe
035_Kinect_NU_1,28,NU,gallery
035_Kinect_NU_2,28,NU,probe
035_Kinect_OC_1,28,OC,probe
035_Kinect_OC_2,28,OC,probe
035_Kinect_PS_1,28,PS,probe
035_Kinect_PS_2,28,PS,probe
044_Kinect_FE_1,36,FE,probe
044_Kinect_FE_2,36,FE,probe
044_Kinect_NU_1,36,NU,gallery
044_Kinect_NU_2,36,NU,probe
044_Kinect_OC_1,36,OC,probe
044_Kinect_OC_2,36,OC,probe
044_Kinect_PS_1,36,PS,probe
044_Kinect_PS_2,36,PS,probe
047_Kinect_FE_1,39,FE,probe
047_Kinect_FE_2,39,FE,probe
047_Kinect_NU_1,39,NU,gallery
047_Kinect_NU_2,39,NU,probe
047_Kinect_OC_1,39,OC,probe
047_Kinect_OC_2,39,OC,probe
047_Kinect_PS_1,39,PS,probe
047_Kinect_PS_2,39,PS,probe
048_Kinect_FE_1,40,FE,probe
048_Kinect_FE_2,40,FE,probe
048_Kinect_NU_1,40,NU,gallery
048_Kinect_NU_2,40,NU,probe
048_Kinect_OC_1,40,OC,probe
048_Kinect_OC_2,40,OC,probe
048_Kinect_PS_1,40,PS,probe
048_Kinect_PS_2,40,PS,probe
049_Kinect_FE_1,41,FE,probe
049_Kinect_FE_2,41,FE,probe
049_Kinect_NU_1,41,NU,gallery
049_Kinect_NU_2,41,NU,probe
049_Kinect_OC_1,41,OC,probe
049_Kinect_OC_2,41,OC,probe
049_Kinect_PS_1,41,PS,probe
049_Kinect_PS_2,41,PS,probe
051_Kinect_FE_1,43,FE,probe
051_Kinect_FE_2,43,FE,probe
051_Kinect_NU_1,43,NU,gallery
051_Kinect_NU_2,43,NU,probe
051_Kinect_OC_1,43,OC,probe
051_Kinect_OC_2,43,OC,probe
051_Kinect_PS_1,43,PS,probe
051_Kinect_PS_2,43,PS,probe
052_Kinect_FE_1,44,FE,probe
052_Kinect_FE_2,44,FE,probe
052_Kinect_NU_1,44,NU,gallery
052_Kinect_NU_2,44,NU,probe
052_Kinect_OC_1,44,OC,probe
052_Kinect_OC_2,44,OC,probe
052_Kinect_PS_1,44,PS,probe
052_Kinect_PS_2,44,PS,probe
057_Kinect_FE_1,49,FE,probe
057_Kinect_FE_2,49,FE,probe
057_Kinect_NU_1,49,NU,gallery
057_Kinect_NU_2,49,NU,probe
057_Kinect_OC_1,49,OC,probe
057_Kinect_OC_2,49,OC,probe
057_Kinect_PS_1,49,PS,probe
057_Kinect_PS_2,49,PS,probe
063_Kinect_FE_1,55,FE,probe
063_Kinect_FE_2,55,FE,probe
063_Kinect_NU_1,55,NU,gallery
063_Kinect_NU_2,55,NU,probe
063_Kinect_OC_1,55,OC,probe
063_Kinect_OC_2,55,OC,probe
063_Kinect_PS_1,55,PS,probe
063_Kinect_PS_2,55,PS,probe
064_Kinect_FE_1,56,FE,probe
064_Kinect_NU_1,56,NU,gallery
064_Kinect_OC_1,56,OC,probe
064_Kinect_PS_1,56,PS,probe
064_Kinect_PS_2,56,PS,probe
066_Kinect_FE_1,58,FE,probe
066_Kinect_FE_2,58,FE,probe
066_Kinect_NU_1,58,NU,gallery
066_Kinect_NU_2,58,NU,probe
066_Kinect_OC_1,58,OC,probe
066_Kinect_OC_2,58,OC,probe
066_Kinect_PS_1,58,PS,probe
066_Kinect_PS_2,58,PS,probe
067_Kinect_FE_1,59,FE,probe
067_Kinect_FE_2,59,FE,probe
067_Kinect_NU_1,59,NU,gallery
067_Kinect_NU_2,59,NU,probe
067_Kinect_OC_1,59,OC,probe
067_Kinect_OC_2,59,OC,probe
067_Kinect_PS_1,59,PS,probe
067_Kinect_PS_2,59,PS,probe
069_Kinect_FE_1,61,FE,probe
069_Kinect_FE_2,61,FE,probe
069_Kinect_NU_1,61,NU,gallery
069_Kinect_NU_2,61,NU,probe
069_Kinect_OC_1,61,OC,probe
069_Kinect_OC_2,61,OC,probe
069_Kinect_PS_1,61,PS,probe
069_Kinect_PS_2,61,PS,probe
071_Kinect_FE_1,63,FE,probe
071_Kinect_FE_2,63,FE,probe
071_Kinect_NU_1,63,NU,gallery
071_Kinect_NU_2,63,NU,probe
071_Kinect_OC_1,63,OC,probe
071_Kinect_OC_2,63,OC,probe
071_Kinect_PS_1,63,PS,probe
071_Kinect_PS_2,63,PS,probe
078_Kinect_FE_1,68,FE,probe
078_Kinect_FE_2,68,FE,probe
078_Kinect_NU_1,68,NU,gallery
078_Kinect_NU_2,68,NU,probe
078_Kinect_OC_1,68,OC,probe
078_Kinect_OC_2,68,OC,probe
078_Kinect_PS_1,68,PS,probe
078_Kinect_PS_2,68,PS,probe
083_Kinect_FE_1,73,FE,probe
083_Kinect_FE_2,73,FE,probe
083_Kinect_NU_1,73,NU,gallery
083_Kinect_NU_2,73,NU,probe
083_Kinect_OC_1,73,OC,probe
083_Kinect_OC_2,73,OC,probe
083_Kinect_PS_1,73,PS,probe
083_Kinect_PS_2,73,PS,probe
086_Kinect_FE_1,76,FE,probe
086_Kinect_FE_2,76,FE,probe
086_Kinect_NU_1,76,NU,gallery
086_Kinect_NU_2,76,NU,probe
086_Kinect_OC_1,76,OC,probe
086_Kinect_OC_2,76,OC,probe
086_Kinect_PS_1,76,PS,probe
086_Kinect_PS_2,76,PS,probe
089_Kinect_FE_1,79,FE,probe
089_Kinect_FE_2,79,FE,probe
089_Kinect_NU_1,79,NU,gallery
089_Kinect_NU_2,79,NU,probe
089_Kinect_OC_1,79,OC,probe
089_Kinect_OC_2,79,OC,probe
089_Kinect_PS_1,79,PS,probe
089_Kinect_PS_2,79,PS,probe
091_Kinect_FE_1,81,FE,probe
091_Kinect_FE_2,81,FE,probe
091_Kinect_NU_1,81,NU,gallery
091_Kinect_NU_2,81,NU,probe
091_Kinect_OC_1,81,OC,probe
091_Kinect_OC_2,81,OC,probe
091_Kinect_PS_1,81,PS,probe
091_Kinect_PS_2,81,PS,probe
093_Kinect_FE_1,83,FE,probe
093_Kinect_FE_2,83,FE,probe
093_Kinect_NU_1,83,NU,gallery
093_Kinect_NU_2,83,NU,probe
093_Kinect_OC_1,83,OC,probe
093_Kinect_OC_2,83,OC,probe
093_Kinect_PS_1,83,PS,probe
093_Kinect_PS_2,83,PS,probe
094_Kinect_FE_1,84,FE,probe
094_Kinect_FE_2,84,FE,probe
094_Kinect_NU_2,84,NU,gallery
094_Kinect_OC_1,84,OC,probe
094_Kinect_OC_2,84,OC,probe
094_Kinect_PS_1,84,PS,probe
094_Kinect_PS_2,84,PS,probe
095_Kinect_FE_1,85,FE,probe
095_Kinect_FE_2,85,FE,probe
095_Kinect_NU_1,85,NU,gallery
095_Kinect_NU_2,85,NU,probe
095_Kinect_OC_1,85,OC,probe
095_Kinect_OC_2,85,OC,probe
095_Kinect_PS_1,85,PS,probe
095_Kinect_PS_2,85,PS,probe
100_Kinect_FE_1,89,FE,probe
100_Kinect_FE_2,89,FE,probe
100_Kinect_NU_1,89,NU,gallery
100_Kinect_NU_2,89,NU,probe
100_Kinect_OC_1,89,OC,probe
100_Kinect_OC_2,89,OC,probe
100_Kinect_PS_1,89,PS,probe
100_Kinect_PS_2,89,PS,probe
106_Kinect_FE_1,93,FE,probe
106_Kinect_FE_2,93,FE,probe
106_Kinect_NU_1,93,NU,gallery
106_Kinect_NU_2,93,NU,probe
106_Kinect_OC_1,93,OC,probe
106_Kinect_OC_2,93,OC,probe
106_Kinect_PS_1,93,PS,probe
106_Kinect_PS_2,93,PS,probe
107_Kinect_FE_1,94,FE,probe
107_Kinect_FE_2,94,FE,probe
107_Kinect_NU_1,94,NU,gallery
107_Kinect_NU_2,94,NU,probe
107_Kinect_OC_1,94,OC,probe
107_Kinect_OC_2,94,OC,probe
107_Kinect_PS_1,94,PS,probe
107_Kinect_PS_2,94,PS,probe
110_Kinect_FE_1,97,FE,probe
110_Kinect_FE_2,97,FE,probe
110_Kinect_NU_1,97,NU,gallery
110_Kinect_NU_2,97,NU,probe
110_Kinect_OC_1,97,OC,probe
110_Kinect_OC_2,97,OC,probe
110_Kinect_PS_1,97,PS,probe
110_Kinect_PS_2,97,PS,probe
111_Kinect_FE_1,98,FE,probe
111_Kinect_FE_2,98,FE,probe
111_Kinect_NU_1,98,NU,gallery
111_Kinect_NU_2,98,NU,probe
111_Kinect_OC_1,98,OC,probe
111_Kinect_OC_2,98,OC,probe
111_Kinect_PS_1,98,PS,probe
111_Kinect_PS_2,98,PS,probe
114_Kinect_FE_1,101,FE,probe
114_Kinect_FE_2,101,FE,probe
114_Kinect_NU_1,101,NU,gallery
114_Kinect_NU_2,101,NU,probe
114_Kinect_OC_1,101,OC,probe
114_Kinect_OC_2,101,OC,probe
114_Kinect_PS_1,101,PS,probe
114_Kinect_PS_2,101,PS,probe
115_Kinect_FE_1,102,FE,probe
115_Kinect_FE_2,102,FE,probe
115_Kinect_NU_1,102,NU,gallery
115_Kinect_NU_2,102,NU,probe
115_Kinect_OC_1,102,OC,probe
115_Kinect_OC_2,102,OC,probe
115_Kinect_PS_1,102,PS,probe
115_Kinect_PS_2,102,PS,probe
116_Kinect_FE_1,103,FE,probe
116_Kinect_FE_2,103,FE,probe
116_Kinect_NU_1,103,NU,gallery
116_Kinect_NU_2,103,NU,probe
116_Kinect_OC_1,103,OC,probe
116_Kinect_OC_2,103,OC,probe
116_Kinect_PS_1,103,PS,probe
116_Kinect_PS_2,103,PS,probe
121_Kinect_FE_1,108,FE,probe
121_Kinect_FE_2,108,FE,probe
121_Kinect_NU_1,108,NU,gallery
121_Kinect_NU_2,108,NU,probe
121_Kinect_OC_1,108,OC,probe
121_Kinect_OC_2,108,OC,probe
121_Kinect_PS_1,108,PS,probe
121_Kinect_PS_2,108,PS,probe
122_Kinect_FE_1,109,FE,probe
122_Kinect_FE_2,109,FE,probe
122_Kinect_NU_1,109,NU,gallery
122_Kinect_NU_2,109,NU,probe
122_Kinect_OC_1,109,OC,probe
122_Kinect_OC_2,109,OC,probe
122_Kinect_PS_1,109,PS,probe
122_Kinect_PS_2,109,PS,probe
123_Kinect_FE_1,110,FE,probe
123_Kinect_FE_2,110,FE,probe
123_Kinect_NU_1,110,NU,gallery
123_Kinect_NU_2,110,NU,probe
123_Kinect_OC_1,110,OC,probe
123_Kinect_OC_2,110,OC,probe
123_Kinect_PS_1,110,PS,probe
123_Kinect_PS_2,110,PS,probe
126_Kinect_FE_1,113,FE,probe
126_Kinect_FE_2,113,FE,probe
126_Kinect_NU_1,113,NU,gallery
126_Kinect_NU_2,113,NU,probe
126_Kinect_OC_1,113,OC,probe
126_Kinect_OC_2,113,OC,probe
126_Kinect_PS_1,113,PS,probe
126_Kinect_PS_2,113,PS,probe
141_Kinect_FE_1,127,FE,probe
141_Kinect_FE_2,127,FE,probe
141_Kinect_NU_1,127,NU,gallery
141_Kinect_NU_2,127,NU,probe
141_Kinect_OC_1,127,OC,probe
141_Kinect_OC_2,127,OC,probe
141_Kinect_PS_1,127,PS,probe
141_Kinect_PS_2,127,PS,probe
150_Kinect_FE_1,134,FE,probe
150_Kinect_FE_2,134,FE,probe
150_Kinect_NU_1,134,NU,gallery
150_Kinect_NU_2,134,NU,probe
150_Kinect_OC_1,134,OC,probe
150_Kinect_OC_2,134,OC,probe
150_Kinect_PS_1,134,PS,probe
150_Kinect_PS_2,134,PS,probe
151_Kinect_FE_1,135,FE,probe
151_Kinect_FE_2,135,FE,probe
151_Kinect_NU_1,135,NU,gallery
151_Kinect_NU_2,135,NU,probe
151_Kinect_OC_1,135,OC,probe
151_Kinect_OC_2,135,OC,probe
151_Kinect_PS_1,135,PS,probe
151_Kinect_PS_2,135,PS,probe
154_Kinect_FE_1,138,FE,probe
154_Kinect_FE_2,138,FE,probe
154_Kinect_NU_1,138,NU,gallery
154_Kinect_NU_2,138,NU,probe
154_Kinect_OC_1,138,OC,probe
154_Kinect_OC_2,138,OC,probe
154_Kinect_PS_1,138,PS,probe
154_Kinect_PS_2,138,PS,probe
156_Kinect_FE_1,140,FE,probe
156_Kinect_FE_2,140,FE,probe
156_Kinect_NU_1,140,NU,gallery
156_Kinect_NU_2,140,NU,probe
156_Kinect_OC_1,140,OC,probe
156_Kinect_OC_2,140,OC,probe
156_Kinect_PS_1,140,PS,probe
156_Kinect_PS_2,140,PS,probe
158_Kinect_FE_1,142,FE,probe
158_Kinect_FE_2,142,FE,probe
158_Kinect_NU_1,142,NU,gallery
158_Kinect_NU_2,142,NU,probe
158_Kinect_OC_1,142,OC,probe
158_Kinect_OC_2,142,OC,probe
158_Kinect_PS_1,142,PS,probe
158_Kinect_PS_2,142,PS,probe
166_Kinect_FE_1,145,FE,probe
166_Kinect_FE_2,145,FE,probe
166_Kinect_NU_1,145,NU,gallery
166_Kinect_NU_2,145,NU,probe
166_Kinect_OC_1,145,OC,probe
166_Kinect_OC_2,145,OC,probe
166_Kinect_PS_1,145,PS,probe
166_Kinect_PS_2,145,PS,probe
168_Kinect_FE_1,147,FE,probe
168_Kinect_FE_2,147,FE,probe
168_Kinect_NU_1,147,NU,gallery
168_Kinect_NU_2,147,NU,probe
168_Kinect_OC_1,147,OC,probe
168_Kinect_OC_2,147,OC,probe
168_Kinect_PS_1,147,PS,probe
168_Kinect_PS_2,147,PS,probe
171_Kinect_FE_1,150,FE,probe
171_Kinect_FE_2,150,FE,probe
171_Kinect_NU_1,150,NU,gallery
171_Kinect_NU_2,150,NU,probe
171_Kinect_OC_1,150,OC,probe
171_Kinect_OC_2,150,OC,probe
171_Kinect_PS_1,150,PS,probe
171_Kinect_PS_2,150,PS,probe
176_Kinect_FE_1,152,FE,probe
176_Kinect_FE_2,152,FE,probe
176_Kinect_NU_1,152,NU,gallery
176_Kinect_NU_2,152,NU,probe
176_Kinect_OC_1,152,OC,probe
176_Kinect_OC_2,152,OC,probe
176_Kinect_PS_1,152,PS,probe
176_Kinect_PS_2,152,PS,probe
177_Kinect_FE_1,153,FE,probe
177_Kinect_FE_2,153,FE,probe
177_Kinect_NU_1,153,NU,gallery
177_Kinect_NU_2,153,NU,probe
177_Kinect_OC_1,153,OC,probe
177_Kinect_OC_2,153,OC,probe
177_Kinect_PS_1,153,PS,probe
177_Kinect_PS_2,153,PS,probe
183_Kinect_FE_1,159,FE,probe
183_Kinect_FE_2,159,FE,probe
183_Kinect_NU_1,159,NU,gallery
183_Kinect_NU_2,159,NU,probe
183_Kinect_OC_1,159,OC,probe
183_Kinect_OC_2,159,OC,probe
183_Kinect_PS_1,159,PS,probe
183_Kinect_PS_2,159,PS,probe
184_Kinect_FE_1,160,FE,probe
184_Kinect_FE_2,160,FE,probe
184_Kinect_NU_1,160,NU,gallery
184_Kinect_NU_2,160,NU,probe
184_Kinect_OC_1,160,OC,probe
184_Kinect_OC_2,160,OC,probe
184_Kinect_PS_1,160,PS,probe
184_Kinect_PS_2,160,PS,probe
185_Kinect_FE_1,161,FE,probe
185_Kinect_FE_2,161,FE,probe
185_Kinect_NU_1,161,NU,gallery
185_Kinect_NU_2,161,NU,probe
185_Kinect_OC_1,161,OC,probe
185_Kinect_OC_2,161,OC,probe
185_Kinect_PS_1,161,PS,probe
185_Kinect_PS_2,161,PS,probe
194_Kinect_FE_1,170,FE,probe
194_Kinect_FE_2,170,FE,probe
194_Kinect_NU_1,170,NU,gallery
194_Kinect_NU_2,170,NU,probe
194_Kinect_OC_1,170,OC,probe
194_Kinect_OC_2,170,OC,probe
194_Kinect_PS_1,170,PS,probe
194_Kinect_PS_2,170,PS,probe
201_Kinect_FE_1,175,FE,probe
201_Kinect_FE_2,175,FE,probe
201_Kinect_NU_1,175,NU,gallery
201_Kinect_NU_2,175,NU,probe
201_Kinect_OC_1,175,OC,probe
201_Kinect_OC_2,175,OC,probe
201_Kinect_PS_1,175,PS,probe
201_Kinect_PS_2,175,PS,probe
202_Kinect_FE_1,176,FE,probe
202_Kinect_FE_2,176,FE,probe
202_Kinect_NU_1,176,NU,gallery
202_Kinect_NU_2,176,NU,probe
202_Kinect_OC_1,176,OC,probe
202_Kinect_OC_2,176,OC,probe
202_Kinect_PS_1,176,PS,probe
202_Kinect_PS_2,176,PS,probe
206_Kinect_FE_1,180,FE,probe
206_Kinect_FE_2,180,FE,probe
206_Kinect_NU_1,180,NU,gallery
206_Kinect_NU_2,180,NU,probe
206_Kinect_OC_1,180,OC,probe
206_Kinect_OC_2,180,OC,probe
206_Kinect_PS_1,180,PS,probe
206_Kinect_PS_2,180,PS,probe
208_Kinect_FE_1,182,FE,probe
208_Kinect_FE_2,182,FE,probe
208_Kinect_NU_1,182,NU,gallery
208_Kinect_NU_2,182,NU,probe
208_Kinect_OC_1,182,OC,probe
208_Kinect_OC_2,182,OC,probe
208_Kinect_PS_1,182,PS,probe
208_Kinect_PS_2,182,PS,probe
211_Kinect_FE_1,184,FE,probe
211_Kinect_FE_2,184,FE,probe
211_Kinect_NU_1,184,NU,gallery
211_Kinect_NU_2,184,NU,probe
211_Kinect_OC_1,184,OC,probe
211_Kinect_OC_2,184,OC,probe
211_Kinect_PS_1,184,PS,probe
211_Kinect_PS_2,184,PS,probe
221_Kinect_FE_1,192,FE,probe
221_Kinect_FE_2,192,FE,probe
221_Kinect_NU_1,192,NU,gallery
221_Kinect_NU_2,192,NU,probe
221_Kinect_OC_1,192,OC,probe
221_Kinect_OC_2,192,OC,probe
221_Kinect_PS_1,192,PS,probe
221_Kinect_PS_2,192,PS,probe
222_Kinect_FE_1,193,FE,probe
222_Kinect_FE_2,193,FE,probe
222_Kinect_NU_1,193,NU,gallery
222_Kinect_NU_2,193,NU,probe
222_Kinect_OC_1,193,OC,probe
222_Kinect_OC_2,193,OC,probe
222_Kinect_PS_1,193,PS,probe
222_Kinect_PS_2,193,PS,probe
229_Kinect_FE_1,198,FE,probe
229_Kinect_FE_2,198,FE,probe
229_Kinect_NU_1,198,NU,gallery
229_Kinect_NU_2,198,NU,probe
229_Kinect_OC_1,198,OC,probe
229_Kinect_OC_2,198,OC,probe
229_Kinect_PS_1,198,PS,probe
229_Kinect_PS_2,198,PS,probe
230_Kinect_FE_1,199,FE,probe
230_Kinect_FE_2,199,FE,probe
230_Kinect_NU_1,199,NU,gallery
230_Kinect_NU_2,199,NU,probe
230_Kinect_OC_1,199,OC,probe
230_Kinect_OC_2,199,OC,probe
230_Kinect_PS_1,199,PS,probe
230_Kinect_PS_2,199,PS,probe
236_Kinect_FE_1,205,FE,probe
236_Kinect_FE_2,205,FE,probe
236_Kinect_NU_1,205,NU,gallery
236_Kinect_NU_2,205,NU,probe
236_Kinect_OC_1,205,OC,probe
236_Kinect_OC_2,205,OC,probe
236_Kinect_PS_1,205,PS,probe
236_Kinect_PS_2,205,PS,probe
243_Kinect_FE_1,209,FE,probe
243_Kinect_FE_2,209,FE,probe
243_Kinect_NU_1,209,NU,gallery
243_Kinect_NU_2,209,NU,probe
243_Kinect_OC_1,209,OC,probe
243_Kinect_OC_2,209,OC,probe
243_Kinect_PS_1,209,PS,probe
243_Kinect_PS_2,209,PS,probe
246_Kinect_FE_1,212,FE,probe
246_Kinect_FE_2,212,FE,probe
246_Kinect_NU_1,212,NU,gallery
246_Kinect_NU_2,212,NU,probe
246_Kinect_OC_1,212,OC,probe
246_Kinect_OC_2,212,OC,probe
246_Kinect_PS_1,212,PS,probe
246_Kinect_PS_2,212,PS,probe
254_Kinect_FE_1,219,FE,probe
254_Kinect_FE_2,219,FE,probe
254_Kinect_NU_1,219,NU,gallery
254_Kinect_NU_2,219,NU,probe
254_Kinect_OC_1,219,OC,probe
254_Kinect_OC_2,219,OC,probe
254_Kinect_PS_1,219,PS,probe
254_Kinect_PS_2,219,PS,probe
256_Kinect_FE_1,221,FE,probe
256_Kinect_FE_2,221,FE,probe
256_Kinect_NU_1,221,NU,gallery
256_Kinect_NU_2,221,NU,probe
256_Kinect_OC_1,221,OC,probe
256_Kinect_OC_2,221,OC,probe
256_Kinect_PS_1,221,PS,probe
256_Kinect_PS_2,221,PS,probe
258_Kinect_FE_1,223,FE,probe
258_Kinect_FE_2,223,FE,probe
258_Kinect_NU_1,223,NU,gallery
258_Kinect_NU_2,223,NU,probe
258_Kinect_OC_1,223,OC,probe
258_Kinect_OC_2,223,OC,probe
258_Kinect_PS_1,223,PS,probe
258_Kinect_PS_2,223,PS,probe
263_Kinect_FE_1,228,FE,probe
263_Kinect_FE_2,228,FE,probe
263_Kinect_NU_1,228,NU,gallery
263_Kinect_NU_2,228,NU,probe
263_Kinect_OC_1,228,OC,probe
263_Kinect_OC_2,228,OC,probe
263_Kinect_PS_1,228,PS,probe
263_Kinect_PS_2,228,PS,probe
273_Kinect_FE_1,238,FE,probe
273_Kinect_FE_2,238,FE,probe
273_Kinect_FE_3,238,FE,probe
273_Kinect_NU_1,238,NU,gallery
273_Kinect_NU_2,238,NU,probe
273_Kinect_OC_1,238,OC,probe
273_Kinect_OC_2,238,OC,probe
273_Kinect_PS_1,238,PS,probe
273_Kinect_PS_2,238,PS,probe
274_Kinect_FE_1,239,FE,probe
274_Kinect_FE_2,239,FE,probe
274_Kinect_NU_1,239,NU,gallery
274_Kinect_NU_2,239,NU,probe
274_Kinect_OC_1,239,OC,probe
274_Kinect_OC_2,239,OC,probe
274_Kinect_PS_1,239,PS,probe
274_Kinect_PS_2,239,PS,probe
277_Kinect_FE_1,242,FE,probe
277_Kinect_FE_2,242,FE,probe
277_Kinect_FE_3,242,FE,probe
277_Kinect_NU_1,242,NU,gallery
277_Kinect_NU_2,242,NU,probe
277_Kinect_OC_1,242,OC,probe
277_Kinect_OC_2,242,OC,probe
277_Kinect_PS_1,242,PS,probe
277_Kinect_PS_2,242,PS,probe
278_Kinect_FE_1,243,FE,probe
278_Kinect_FE_2,243,FE,probe
278_Kinect_NU_1,243,NU,gallery
278_Kinect_NU_2,243,NU,probe
278_Kinect_OC_1,243,OC,probe
278_Kinect_OC_2,243,OC,probe
278_Kinect_PS_1,243,PS,probe
278_Kinect_PS_2,243,PS,probe
281_Kinect_FE_1,246,FE,probe
281_Kinect_FE_2,246,FE,probe
281_Kinect_NU_1,246,NU,gallery
281_Kinect_NU_2,246,NU,probe
281_Kinect_OC_1,246,OC,probe
281_Kinect_OC_2,246,OC,probe
281_Kinect_PS_1,246,PS,probe
281_Kinect_PS_2,246,PS,probe
283_Kinect_FE_1,248,FE,probe
283_Kinect_FE_2,248,FE,probe
283_Kinect_NU_1,248,NU,gallery
283_Kinect_NU_2,248,NU,probe
283_Kinect_OC_1,248,OC,probe
283_Kinect_OC_2,248,OC,probe
283_Kinect_PS_1,248,PS,probe
283_Kinect_PS_2,248,PS,probe
284_Kinect_FE_1,249,FE,probe
284_Kinect_FE_2,249,FE,probe
284_Kinect_FE_3,249,FE,probe
284_Kinect_NU_1,249,NU,gallery
284_Kinect_NU_2,249,NU,probe
284_Kinect_OC_1,249,OC,probe
284_Kinect_OC_2,249,OC,probe
284_Kinect_PS_1,249,PS,probe
284_Kinect_PS_2,249,PS,probe
285_Kinect_FE_1,250,FE,probe
285_Kinect_FE_2,250,FE,probe
285_Kinect_NU_1,250,NU,gallery
285_Kinect_NU_2,250,NU,probe
285_Kinect_OC_1,250,OC,probe
285_Kinect_OC_2,250,OC,probe
285_Kinect_PS_1,250,PS,probe
285_Kinect_PS_2,250,PS,probe
288_Kinect_FE_1,253,FE,probe
288_Kinect_FE_2,253,FE,probe
288_Kinect_NU_1,253,NU,gallery
288_Kinect_NU_2,253,NU,probe
288_Kinect_OC_1,253,OC,probe
288_Kinect_OC_2,253,OC,probe
288_Kinect_PS_1,253,PS,probe
288_Kinect_PS_2,253,PS,probe
290_Kinect_FE_1,255,FE,probe
290_Kinect_FE_2,255,FE,probe
290_Kinect_FE_3,255,FE,probe
290_Kinect_NU_1,255,NU,gallery
290_Kinect_NU_2,255,NU,probe
290_Kinect_OC_1,255,OC,probe
290_Kinect_OC_2,255,OC,probe
290_Kinect_PS_1,255,PS,probe
290_Kinect_PS_2,255,PS,probe
296_Kinect_FE_1,261,FE,probe
296_Kinect_FE_2,261,FE,probe
296_Kinect_FE_3,261,FE,probe
296_Kinect_NU_1,261,NU,gallery
296_Kinect_NU_2,261,NU,probe
296_Kinect_OC_1,261,OC,probe
296_Kinect_OC_2,261,OC,probe
296_Kinect_PS_1,261,PS,probe
296_Kinect_PS_2,261,PS,probe
304_Kinect_FE_1,269,FE,probe
304_Kinect_FE_2,269,FE,probe
304_Kinect_FE_3,269,FE,probe
304_Kinect_NU_1,269,NU,gallery
304_Kinect_NU_2,269,NU,probe
304_Kinect_OC_1,269,OC,probe
304_Kinect_OC_2,269,OC,probe
304_Kinect_PS_1,269,PS,probe
304_Kinect_PS_2,269,PS,probe
306_Kinect_FE_1,271,FE,probe
306_Kinect_FE_2,271,FE,probe
306_Kinect_NU_1,271,NU,gallery
306_Kinect_NU_2,271,NU,probe
306_Kinect_OC_1,271,OC,probe
306_Kinect_OC_2,271,OC,probe
306_Kinect_PS_1,271,PS,probe
306_Kinect_PS_2,271,PS,probe
307_Kinect_FE_1,272,FE,probe
307_Kinect_FE_2,272,FE,probe
307_Kinect_NU_1,272,NU,gallery
307_Kinect_NU_2,272,NU,probe
307_Kinect_OC_1,272,OC,probe
307_Kinect_OC_2,272,OC,probe
307_Kinect_PS_1,272,PS,probe
307_Kinect_PS_2,272,PS,probe
308_Kinect_FE_1,273,FE,probe
308_Kinect_FE_2,273,FE,probe
308_Kinect_NU_1,273,NU,gallery
308_Kinect_NU_2,273,NU,probe
308_Kinect_OC_1,273,OC,probe
308_Kinect_OC_2,273,OC,probe
308_Kinect_PS_1,273,PS,probe
308_Kinect_PS_2,273,PS,probe
313_Kinect_FE_1,278,FE,probe
313_Kinect_FE_2,278,FE,probe
313_Kinect_NU_1,278,NU,gallery
313_Kinect_NU_2,278,NU,probe
313_Kinect_OC_1,278,OC,probe
313_Kinect_OC_2,278,OC,probe
313_Kinect_PS_1,278,PS,probe
313_Kinect_PS_2,278,PS,probe
315_Kinect_FE_1,280,FE,probe
315_Kinect_FE_2,280,FE,probe
315_Kinect_NU_1,280,NU,gallery
315_Kinect_NU_2,280,NU,probe
315_Kinect_OC_1,280,OC,probe
315_Kinect_OC_2,280,OC,probe
315_Kinect_PS_1,280,PS,probe
315_Kinect_PS_2,280,PS,probe
317_Kinect_FE_1,282,FE,probe
317_Kinect_FE_2,282,FE,probe
317_Kinect_FE_3,282,FE,probe
317_Kinect_NU_1,282,NU,gallery
317_Kinect_NU_2,282,NU,probe
317_Kinect_OC_1,282,OC,probe
317_Kinect_OC_2,282,OC,probe
317_Kinect_PS_1,282,PS,probe
317_Kinect_PS_2,282,PS,probe
318_Kinect_FE_1,283,FE,probe
318_Kinect_FE_2,283,FE,probe
318_Kinect_NU_1,283,NU,gallery
318_Kinect_NU_2,283,NU,probe
318_Kinect_OC_1,283,OC,probe
318_Kinect_OC_2,283,OC,probe
318_Kinect_PS_1,283,PS,probe
318_Kinect_PS_2,283,PS,probe
319_Kinect_FE_1,284,FE,probe
319_Kinect_FE_2,284,FE,probe
319_Kinect_NU_1,284,NU,gallery
319_Kinect_NU_2,284,NU,probe
319_Kinect_OC_1,284,OC,probe
319_Kinect_OC_2,284,OC,probe
319_Kinect_PS_1,284,PS,probe
319_Kinect_PS_2,284,PS,probe
325_Kinect_FE_1,290,FE,probe
325_Kinect_FE_2,290,FE,probe
325_Kinect_NU_1,290,NU,gallery
325_Kinect_NU_2,290,NU,probe
325_Kinect_OC_1,290,OC,probe
325_Kinect_OC_2,290,OC,probe
325_Kinect_PS_1,290,PS,probe
325_Kinect_PS_2,290,PS,probe
328_Kinect_FE_1,293,FE,probe
328_Kinect_FE_2,293,FE,probe
328_Kinect_NU_1,293,NU,gallery
328_Kinect_NU_2,293,NU,probe
328_Kinect_OC_1,293,OC,probe
328_Kinect_OC_2,293,OC,probe
328_Kinect_PS_1,293,PS,probe
328_Kinect_PS_2,293,PS,probe
330_Kinect_FE_1,295,FE,probe
330_Kinect_FE_2,295,FE,probe
330_Kinect_FE_3,295,FE,probe
330_Kinect_NU_1,295,NU,gallery
330_Kinect_NU_2,295,NU,probe
330_Kinect_OC_1,295,OC,probe
330_Kinect_OC_2,295,OC,probe
330_Kinect_PS_1,295,PS,probe
330_Kinect_PS_2,295,PS,probe
334_Kinect_FE_1,299,FE,probe
334_Kinect_FE_2,299,FE,probe
334_Kinect_FE_3,299,FE,probe
334_Kinect_NU_1,299,NU,gallery
334_Kinect_NU_2,299,NU,probe
334_Kinect_OC_1,299,OC,probe
334_Kinect_OC_2,299,OC,probe
334_Kinect_PS_1,299,PS,probe
334_Kinect_PS_2,299,PS,probe
335_Kinect_FE_1,300,FE,probe
335_Kinect_FE_2,300,FE,probe
335_Kinect_FE_3,300,FE,probe
335_Kinect_FE_4,300,FE,probe
335_Kinect_NU_1,300,NU,gallery
335_Kinect_NU_2,300,NU,probe
335_Kinect_OC_1,300,OC,probe
335_Kinect_OC_2,300,OC,probe
335_Kinect_PS_1,300,PS,probe
335_Kinect_PS_2,300,PS,probe
342_Kinect_FE_1,307,FE,probe
342_Kinect_FE_2,307,FE,probe
342_Kinect_NU_1,307,NU,gallery
342_Kinect_NU_2,307,NU,probe
342_Kinect_OC_1,307,OC,probe
342_Kinect_OC_2,307,OC,probe
342_Kinect_PS_1,307,PS,probe
342_Kinect_PS_2,307,PS,probe
343_Kinect_FE_1,308,FE,probe
343_Kinect_FE_2,308,FE,probe
343_Kinect_FE_3,308,FE,probe
343_Kinect_NU_1,308,NU,gallery
343_Kinect_NU_2,308,NU,probe
343_Kinect_OC_1,308,OC,probe
343_Kinect_OC_2,308,OC,probe
343_Kinect_PS_1,308,PS,probe
343_Kinect_PS_2,308,PS,probe
353_Kinect_FE_1,318,FE,probe
353_Kinect_FE_2,318,FE,probe
353_Kinect_FE_3,318,FE,probe
353_Kinect_NU_1,318,NU,gallery
353_Kinect_NU_2,318,NU,probe
353_Kinect_OC_1,318,OC,probe
353_Kinect_OC_2,318,OC,probe
353_Kinect_PS_1,318,PS,probe
353_Kinect_PS_2,318,PS,probe
357_Kinect_FE_1,322,FE,probe
357_Kinect_FE_2,322,FE,probe
357_Kinect_FE_3,322,FE,probe
357_Kinect_NU_1,322,NU,gallery
357_Kinect_NU_2,322,NU,probe
357_Kinect_OC_1,322,OC,probe
357_Kinect_OC_2,322,OC,probe
357_Kinect_PS_1,322,PS,probe
357_Kinect_PS_2,322,PS,probe
358_Kinect_FE_1,323,FE,probe
358_Kinect_FE_2,323,FE,probe
358_Kinect_FE_3,323,FE,probe
358_Kinect_NU_1,323,NU,gallery
358_Kinect_NU_2,323,NU,probe
358_Kinect_OC_1,323,OC,probe
358_Kinect_OC_2,323,OC,probe
358_Kinect_PS_1,323,PS,probe
358_Kinect_PS_2,323,PS,probe
359_Kinect_FE_1,324,FE,probe
359_Kinect_FE_2,324,FE,probe
359_Kinect_FE_3,324,FE,probe
359_Kinect_NU_1,324,NU,gallery
359_Kinect_NU_2,324,NU,probe
359_Kinect_OC_1,324,OC,probe
359_Kinect_OC_2,324,OC,probe
359_Kinect_PS_1,324,PS,probe
359_Kinect_PS_2,324,PS,probe
363_Kinect_FE_1,328,FE,probe
363_Kinect_FE_2,328,FE,probe
363_Kinect_NU_1,328,NU,gallery
363_Kinect_NU_2,328,NU,probe
363_Kinect_OC_1,328,OC,probe
363_Kinect_OC_2,328,OC,probe
363_Kinect_PS_1,328,PS,probe
363_Kinect_PS_2,328,PS,probe
365_Kinect_FE_1,330,FE,probe
365_Kinect_FE_2,330,FE,probe
365_Kinect_FE_3,330,FE,probe
365_Kinect_NU_1,330,NU,gallery
365_Kinect_NU_2,330,NU,probe
365_Kinect_OC_1,330,OC,probe
365_Kinect_OC_2,330,OC,probe
365_Kinect_PS_1,330,PS,probe
365_Kinect_PS_2,330,PS,probe
376_Kinect_FE_1,341,FE,probe
376_Kinect_FE_2,341,FE,probe
376_Kinect_FE_3,341,FE,probe
376_Kinect_NU_1,341,NU,gallery
376_Kinect_NU_2,341,NU,probe
376_Kinect_OC_1,341,OC,probe
376_Kinect_OC_2,341,OC,probe
376_Kinect_PS_1,341,PS,probe
376_Kinect_PS_2,341,PS,probe
377_Kinect_FE_1,342,FE,probe
377_Kinect_FE_2,342,FE,probe
377_Kinect_FE_3,342,FE,probe
377_Kinect_NU_1,342,NU,gallery
377_Kinect_NU_2,342,NU,probe
377_Kinect_OC_1,342,OC,probe
377_Kinect_OC_2,342,OC,probe
377_Kinect_PS_1,342,PS,probe
377_Kinect_PS_2,342,PS,probe
378_Kinect_FE_1,343,FE,probe
378_Kinect_FE_2,343,FE,probe
378_Kinect_NU_1,343,NU,gallery
378_Kinect_NU_2,343,NU,probe
378_Kinect_OC_1,343,OC,probe
378_Kinect_OC_2,343,OC,probe
378_Kinect_PS_1,343,PS,probe
378_Kinect_PS_2,343,PS,probe
384_Kinect_FE_1,349,FE,probe
384_Kinect_FE_2,349,FE,probe
384_Kinect_FE_3,349,FE,probe
384_Kinect_NU_1,349,NU,gallery
384_Kinect_NU_2,349,NU,probe
384_Kinect_OC_1,349,OC,probe
384_Kinect_OC_2,349,OC,probe
384_Kinect_PS_1,349,PS,probe
384_Kinect_PS_2,349,PS,probe
387_Kinect_FE_1,352,FE,probe
387_Kinect_FE_2,352,FE,probe
387_Kinect_FE_3,352,FE,probe
387_Kinect_NU_1,352,NU,gallery
387_Kinect_NU_2,352,NU,probe
387_Kinect_OC_1,352,OC,probe
387_Kinect_OC_2,352,OC,probe
387_Kinect_PS_1,352,PS,probe
387_Kinect_PS_2,352,PS,probe
388_Kinect_FE_1,353,FE,probe
388_Kinect_FE_2,353,FE,probe
388_Kinect_FE_3,353,FE,probe
388_Kinect_NU_1,353,NU,gallery
388_Kinect_NU_2,353,NU,probe
388_Kinect_OC_1,353,OC,probe
388_Kinect_OC_2,353,OC,probe
388_Kinect_PS_1,353,PS,probe
388_Kinect_PS_2,353,PS,probe
390_Kinect_FE_1,355,FE,probe
390_Kinect_FE_2,355,FE,probe
390_Kinect_FE_3,355,FE,probe
390_Kinect_NU_1,355,NU,gallery
390_Kinect_NU_2,355,NU,probe
390_Kinect_OC_1,355,OC,probe
390_Kinect_OC_2,355,OC,probe
390_Kinect_PS_1,355,PS,probe
390_Kinect_PS_2,355,PS,probe
391_Kinect_FE_1,356,FE,probe
391_Kinect_FE_2,356,FE,probe
391_Kinect_FE_3,356,FE,probe
391_Kinect_NU_1,356,NU,gallery
391_Kinect_NU_2,356,NU,probe
391_Kinect_OC_1,356,OC,probe
391_Kinect_OC_2,356,OC,probe
391_Kinect_PS_1,356,PS,probe
391_Kinect_PS_2,356,PS,probe
392_Kinect_FE_1,357,FE,probe
392_Kinect_FE_2,357,FE,probe
392_Kinect_FE_3,357,FE,probe
392_Kinect_NU_1,357,NU,gallery
392_Kinect_NU_2,357,NU,probe
392_Kinect_OC_1,357,OC,probe
392_Kinect_OC_2,357,OC,probe
392_Kinect_PS_1,357,PS,probe
392_Kinect_PS_2,357,PS,probe
394_Kinect_FE_1,359,FE,probe
394_Kinect_FE_2,359,FE,probe
394_Kinect_FE_3,359,FE,probe
394_Kinect_NU_1,359,NU,gallery
394_Kinect_NU_2,359,NU,probe
394_Kinect_OC_1,359,OC,probe
394_Kinect_OC_2,359,OC,probe
394_Kinect_PS_1,359,PS,probe
394_Kinect_PS_2,359,PS,probe
395_Kinect_FE_1,360,FE,probe
395_Kinect_FE_2,360,FE,probe
395_Kinect_FE_3,360,FE,probe
395_Kinect_NU_1,360,NU,gallery
395_Kinect_NU_2,360,NU,probe
395_Kinect_OC_1,360,OC,probe
395_Kinect_OC_2,360,OC,probe
395_Kinect_PS_1,360,PS,probe
395_Kinect_PS_2,360,PS,probe
397_Kinect_FE_1,362,FE,probe
397_Kinect_FE_2,362,FE,probe
397_Kinect_FE_3,362,FE,probe
397_Kinect_NU_1,362,NU,gallery
397_Kinect_NU_2,362,NU,probe
397_Kinect_OC_1,362,OC,probe
397_Kinect_OC_2,362,OC,probe
397_Kinect_PS_1,362,PS,probe
397_Kinect_PS_2,362,PS,probe
401_Kinect_FE_1,366,FE,probe
401_Kinect_FE_2,366,FE,probe
401_Kinect_FE_3,366,FE,probe
401_Kinect_NU_1,366,NU,gallery
401_Kinect_NU_2,366,NU,probe
401_Kinect_OC_1,366,OC,probe
401_Kinect_OC_2,366,OC,probe
401_Kinect_PS_1,366,PS,probe
401_Kinect_PS_2,366,PS,probe
402_Kinect_FE_1,367,FE,probe
402_Kinect_FE_2,367,FE,probe
402_Kinect_FE_3,367,FE,probe
402_Kinect_NU_1,367,NU,gallery
402_Kinect_NU_2,367,NU,probe
402_Kinect_OC_1,367,OC,probe
402_Kinect_OC_2,367,OC,probe
402_Kinect_PS_1,367,PS,probe
402_Kinect_PS_2,367,PS,probe
403_Kinect_FE_1,368,FE,probe
403_Kinect_FE_2,368,FE,probe
403_Kinect_NU_1,368,NU,gallery
403_Kinect_NU_2,368,NU,probe
403_Kinect_OC_1,368,OC,probe
403_Kinect_OC_2,368,OC,probe
403_Kinect_PS_1,368,PS,probe
403_Kinect_PS_2,368,PS,probe
404_Kinect_FE_1,369,FE,probe
404_Kinect_FE_2,369,FE,probe
404_Kinect_NU_1,369,NU,gallery
404_Kinect_NU_2,369,NU,probe
404_Kinect_OC_1,369,OC,probe
404_Kinect_OC_2,369,OC,probe
404_Kinect_PS_1,369,PS,probe
404_Kinect_PS_2,369,PS,probe
405_Kinect_FE_1,370,FE,probe
405_Kinect_FE_2,370,FE,probe
405_Kinect_NU_1,370,NU,gallery
405_Kinect_NU_2,370,NU,probe
405_Kinect_OC_1,370,OC,probe
405_Kinect_OC_2,370,OC,probe
405_Kinect_PS_1,370,PS,probe
405_Kinect_PS_2,370,PS,probe
406_Kinect_FE_1,371,FE,probe
406_Kinect_FE_2,371,FE,probe
406_Kinect_FE_3,371,FE,probe
406_Kinect_NU_1,371,NU,gallery
406_Kinect_NU_2,371,NU,probe
406_Kinect_OC_1,371,OC,probe
406_Kinect_OC_2,371,OC,probe
406_Kinect_PS_1,371,PS,probe
406_Kinect_PS_2,371,PS,probe
407_Kinect_FE_1,372,FE,probe
407_Kinect_FE_2,372,FE,probe
407_Kinect_FE_3,372,FE,probe
407_Kinect_NU_1,372,NU,gallery
407_Kinect_NU_2,372,NU,probe
407_Kinect_OC_1,372,OC,probe
407_Kinect_OC_2,372,OC,probe
407_Kinect_PS_1,372,PS,probe
407_Kinect_PS_2,372,PS,probe
409_Kinect_FE_1,374,FE,probe
409_Kinect_FE_2,374,FE,probe
409_Kinect_FE_3,374,FE,probe
409_Kinect_NU_1,374,NU,gallery
409_Kinect_NU_2,374,NU,probe
409_Kinect_OC_1,374,OC,probe
409_Kinect_OC_2,374,OC,probe
409_Kinect_PS_1,374,PS,probe
409_Kinect_PS_2,374,PS,probe
410_Kinect_FE_1,375,FE,probe
410_Kinect_FE_2,375,FE,probe
410_Kinect_FE_3,375,FE,probe
410_Kinect_NU_1,375,NU,gallery
410_Kinect_NU_2,375,NU,probe
410_Kinect_OC_1,375,OC,probe
410_Kinect_OC_2,375,OC,probe
410_Kinect_PS_1,375,PS,probe
410_Kinect_PS_2,375,PS,probe
411_Kinect_FE_1,376,FE,probe
411_Kinect_FE_2,376,FE,probe
411_Kinect_FE_3,376,FE,probe
411_Kinect_FE_4,376,FE,probe
411_Kinect_NU_1,376,NU,gallery
411_Kinect_NU_2,376,NU,probe
411_Kinect_OC_1,376,OC,probe
411_Kinect_OC_2,376,OC,probe
411_Kinect_PS_1,376,PS,probe
411_Kinect_PS_2,376,PS,probe
415_Kinect_FE_1,380,FE,probe
415_Kinect_FE_2,380,FE,probe
415_Kinect_NU_1,380,NU,gallery
415_Kinect_NU_2,380,NU,probe
415_Kinect_OC_1,380,OC,probe
415_Kinect_OC_2,380,OC,probe
415_Kinect_PS_1,380,PS,probe
415_Kinect_PS_2,380,PS,probe
417_Kinect_FE_1,382,FE,probe
417_Kinect_FE_2,382,FE,probe
417_Kinect_FE_3,382,FE,probe
417_Kinect_NU_1,382,NU,gallery
417_Kinect_NU_2,382,NU,probe
417_Kinect_OC_1,382,OC,probe
417_Kinect_OC_2,382,OC,probe
417_Kinect_PS_1,382,PS,probe
417_Kinect_PS_2,382,PS,probe
419_Kinect_FE_1,384,FE,probe
419_Kinect_FE_2,384,FE,probe
419_Kinect_FE_3,384,FE,probe
419_Kinect_NU_1,384,NU,gallery
419_Kinect_NU_2,384,NU,probe
419_Kinect_OC_1,384,OC,probe
419_Kinect_OC_2,384,OC,probe
419_Kinect_PS_1,384,PS,probe
419_Kinect_PS_2,384,PS,probe
423_Kinect_FE_1,388,FE,probe
423_Kinect_FE_2,388,FE,probe
423_Kinect_FE_3,388,FE,probe
423_Kinect_NU_1,388,NU,gallery
423_Kinect_NU_2,388,NU,probe
423_Kinect_OC_1,388,OC,probe
423_Kinect_OC_2,388,OC,probe
423_Kinect_PS_1,388,PS,probe
423_Kinect_PS_2,388,PS,probe
436_Kinect_FE_1,391,FE,probe
436_Kinect_FE_2,391,FE,probe
436_Kinect_FE_3,391,FE,probe
436_Kinect_FE_4,391,FE,probe
436_Kinect_NU_1,391,NU,gallery
436_Kinect_NU_2,391,NU,probe
436_Kinect_OC_1,391,OC,probe
436_Kinect_OC_2,391,OC,probe
436_Kinect_PS_1,391,PS,probe
436_Kinect_PS_2,391,PS,probe
443_Kinect_FE_1,391,FE,probe
443_Kinect_FE_2,391,FE,probe
443_Kinect_FE_3,391,FE,probe
443_Kinect_NU_1,391,NU,gallery
443_Kinect_NU_2,391,NU,probe
443_Kinect_OC_1,391,OC,probe
443_Kinect_OC_2,391,OC,probe
443_Kinect_PS_1,391,PS,probe
443_Kinect_PS_2,391,PS,probe
448_Kinect_FE_1,391,FE,probe
448_Kinect_FE_2,391,FE,probe
448_Kinect_FE_3,391,FE,probe
448_Kinect_FE_4,391,FE,probe
448_Kinect_NU_1,391,NU,gallery
448_Kinect_NU_2,391,NU,probe
448_Kinect_OC_1,391,OC,probe
448_Kinect_OC_2,391,OC,probe
448_Kinect_PS_1,391,PS,probe
448_Kinect_PS_2,391,PS,probe
452_Kinect_FE_1,391,FE,probe
452_Kinect_FE_2,391,FE,probe
452_Kinect_FE_3,391,FE,probe
452_Kinect_FE_4,391,FE,probe
452_Kinect_NU_1,391,NU,gallery
452_Kinect_NU_2,391,NU,probe
452_Kinect_OC_1,391,OC,probe
452_Kinect_OC_2,391,OC,probe
452_Kinect_PS_1,391,PS,probe
452_Kinect_PS_2,391,PS,probe
453_Kinect_FE_1,391,FE,probe
453_Kinect_FE_3,391,FE,probe
453_Kinect_FE_4,391,FE,probe
453_Kinect_NU_1,391,NU,gallery
453_Kinect_NU_2,391,NU,probe
453_Kinect_OC_1,391,OC,probe
453_Kinect_OC_2,391,OC,probe
453_Kinect_PS_1,391,PS,probe
453_Kinect_PS_2,391,PS,probe
455_Kinect_FE_1,391,FE,probe
455_Kinect_FE_2,391,FE,probe
455_Kinect_FE_3,391,FE,probe
455_Kinect_NU_1,391,NU,gallery
455_Kinect_NU_2,391,NU,probe
455_Kinect_OC_1,391,OC,probe
455_Kinect_OC_2,391,OC,probe
455_Kinect_PS_1,391,PS,probe
455_Kinect_PS_2,391,PS,probe
458_Kinect_FE_1,393,FE,probe
458_Kinect_FE_2,393,FE,probe
458_Kinect_FE_3,393,FE,probe
458_Kinect_NU_1,393,NU,gallery
458_Kinect_NU_2,393,NU,probe
458_Kinect_OC_1,393,OC,probe
458_Kinect_OC_2,393,OC,probe
458_Kinect_PS_1,393,PS,probe
458_Kinect_PS_2,393,PS,probe
464_Kinect_FE_1,399,FE,probe
464_Kinect_FE_2,399,FE,probe
464_Kinect_FE_3,399,FE,probe
464_Kinect_NU_1,399,NU,gallery
464_Kinect_NU_2,399,NU,probe
464_Kinect_OC_1,399,OC,probe
464_Kinect_OC_2,399,OC,probe
464_Kinect_PS_1,399,PS,probe
464_Kinect_PS_2,399,PS,probe
465_Kinect_FE_1,400,FE,probe
465_Kinect_FE_2,400,FE,probe
465_Kinect_FE_3,400,FE,probe
465_Kinect_NU_1,400,NU,gallery
465_Kinect_NU_2,400,NU,probe
465_Kinect_OC_1,400,OC,probe
465_Kinect_OC_2,400,OC,probe
465_Kinect_PS_1,400,PS,probe
465_Kinect_PS_2,400,PS,probe
466_Kinect_FE_1,401,FE,probe
466_Kinect_FE_2,401,FE,probe
466_Kinect_FE_3,401,FE,probe
466_Kinect_NU_1,401,NU,gallery
466_Kinect_NU_2,401,NU,probe
466_Kinect_OC_1,401,OC,probe
466_Kinect_OC_2,401,OC,probe
466_Kinect_PS_1,401,PS,probe
466_Kinect_PS_2,401,PS,probe
467_Kinect_FE_1,402,FE,probe
467_Kinect_FE_2,402,FE,probe
467_Kinect_FE_3,402,FE,probe
467_Kinect_NU_1,402,NU,gallery
467_Kinect_NU_2,402,NU,probe
467_Kinect_OC_1,402,OC,probe
467_Kinect_OC_2,402,OC,probe
467_Kinect_PS_1,402,PS,probe
467_Kinect_PS_2,402,PS,probe
470_Kinect_FE_1,405,FE,probe
470_Kinect_FE_2,405,FE,probe
470_Kinect_FE_3,405,FE,probe
470_Kinect_NU_1,405,NU,gallery
470_Kinect_NU_2,405,NU,probe
470_Kinect_OC_1,405,OC,probe
470_Kinect_OC_2,405,OC,probe
470_Kinect_PS_1,405,PS,probe
470_Kinect_PS_2,405,PS,probe
475_Kinect_FE_1,409,FE,probe
475_Kinect_FE_2,409,FE,probe
475_Kinect_FE_3,409,FE,probe
475_Kinect_FE_4,409,FE,probe
475_Kinect_NU_1,409,NU,gallery
475_Kinect_NU_2,409,NU,probe
475_Kinect_OC_1,409,OC,probe
475_Kinect_OC_2,409,OC,probe
475_Kinect_PS_1,409,PS,probe
475_Kinect_PS_2,409,PS,probe
476_Kinect_FE_1,410,FE,probe
476_Kinect_FE_2,410,FE,probe
476_Kinect_FE_3,410,FE,probe
476_Kinect_NU_1,410,NU,gallery
476_Kinect_NU_2,410,NU,probe
476_Kinect_OC_1,410,OC,probe
476_Kinect_OC_2,410,OC,probe
476_Kinect_PS_1,410,PS,probe
476_Kinect_PS_2,410,PS,probe
477_Kinect_FE_1,411,FE,probe
477_Kinect_FE_2,411,FE,probe
477_Kinect_FE_3,411,FE,probe
477_Kinect_NU_1,411,NU,gallery
477_Kinect_NU_2,411,NU,probe
477_Kinect_OC_1,411,OC,probe
477_Kinect_OC_2,411,OC,probe
477_Kinect_PS_1,411,PS,probe
477_Kinect_PS_2,411,PS,probe
483_Kinect_FE_1,416,FE,probe
483_Kinect_FE_2,416,FE,probe
483_Kinect_FE_3,416,FE,probe
483_Kinect_NU_1,416,NU,gallery
483_Kinect_NU_2,416,NU,probe
483_Kinect_OC_1,416,OC,probe
483_Kinect_OC_2,416,OC,probe
483_Kinect_PS_1,416,PS,probe
483_Kinect_PS_2,416,PS,probe
486_Kinect_FE_1,418,FE,probe
486_Kinect_FE_2,418,FE,probe
486_Kinect_FE_3,418,FE,probe
486_Kinect_NU_1,418,NU,gallery
486_Kinect_NU_2,418,NU,probe
486_Kinect_OC_1,418,OC,probe
486_Kinect_OC_2,418,OC,probe
486_Kinect_PS_1,418,PS,probe
486_Kinect_PS_2,418,PS,probe
492_Kinect_FE_1,424,FE,probe
492_Kinect_FE_2,424,FE,probe
492_Kinect_FE_3,424,FE,probe
492_Kinect_NU_1,424,NU,gallery
492_Kinect_NU_2,424,NU,probe
492_Kinect_OC_1,424,OC,probe
492_Kinect_OC_2,424,OC,probe
492_Kinect_PS_1,424,PS,probe
492_Kinect_PS_2,424,PS,probe
494_Kinect_FE_1,426,FE,probe
494_Kinect_FE_2,426,FE,probe
494_Kinect_FE_3,426,FE,probe
494_Kinect_FE_4,426,FE,probe
494_Kinect_NU_1,426,NU,gallery
494_Kinect_NU_2,426,NU,probe
494_Kinect_OC_1,426,OC,probe
494_Kinect_OC_2,426,OC,probe
494_Kinect_PS_1,426,PS,probe
494_Kinect_PS_2,426,PS,probe
496_Kinect_FE_1,428,FE,probe
496_Kinect_FE_2,428,FE,probe
496_Kinect_FE_3,428,FE,probe
496_Kinect_NU_1,428,NU,gallery
496_Kinect_NU_2,428,NU,probe
496_Kinect_OC_1,428,OC,probe
496_Kinect_OC_2,428,OC,probe
496_Kinect_PS_1,428,PS,probe
496_Kinect_PS_2,428,PS,probe
500_Kinect_FE_1,432,FE,probe
500_Kinect_FE_2,432,FE,probe
500_Kinect_FE_3,432,FE,probe
500_Kinect_NU_1,432,NU,gallery
500_Kinect_NU_2,432,NU,probe
500_Kinect_OC_1,432,OC,probe
500_Kinect_OC_2,432,OC,probe
500_Kinect_PS_1,432,PS,probe
500_Kinect_PS_2,432,PS,probe
502_Kinect_FE_1,434,FE,probe
502_Kinect_FE_2,434,FE,probe
502_Kinect_FE_3,434,FE,probe
502_Kinect_NU_1,434,NU,gallery
502_Kinect_NU_2,434,NU,probe
502_Kinect_OC_1,434,OC,probe
502_Kinect_OC_2,434,OC,probe
502_Kinect_PS_1,434,PS,probe
502_Kinect_PS_2,434,PS,probe
505_Kinect_FE_1,437,FE,probe
505_Kinect_FE_2,437,FE,probe
505_Kinect_FE_3,437,FE,probe
505_Kinect_NU_1,437,NU,gallery
505_Kinect_NU_2,437,NU,probe
505_Kinect_OC_1,437,OC,probe
505_Kinect_OC_2,437,OC,probe
505_Kinect_PS_1,437,PS,probe
505_Kinect_PS_2,437,PS,probe
510_Kinect_FE_1,442,FE,probe
510_Kinect_FE_2,442,FE,probe
510_Kinect_FE_3,442,FE,probe
510_Kinect_NU_1,442,NU,gallery
510_Kinect_NU_2,442,NU,probe
510_Kinect_OC_1,442,OC,probe
510_Kinect_OC_2,442,OC,probe
510_Kinect_PS_1,442,PS,probe
510_Kinect_PS_2,442,PS,probe
515_Kinect_FE_1,447,FE,probe
515_Kinect_FE_2,447,FE,probe
515_Kinect_FE_3,447,FE,probe
515_Kinect_NU_1,447,NU,gallery
515_Kinect_NU_2,447,NU,probe
515_Kinect_OC_1,447,OC,probe
515_Kinect_OC_2,447,OC,probe
515_Kinect_PS_1,447,PS,probe
515_Kinect_PS_2,447,PS,probe
517_Kinect_FE_1,508,FE,probe
517_Kinect_FE_2,508,FE,probe
517_Kinect_FE_3,508,FE,probe
517_Kinect_NU_1,508,NU,gallery
517_Kinect_NU_2,508,NU,probe
517_Kinect_OC_1,508,OC,probe
517_Kinect_OC_2,508,OC,probe
517_Kinect_PS_1,508,PS,probe
517_Kinect_PS_2,508,PS,probe
522_Kinect_FE_1,508,FE,probe
522_Kinect_FE_2,508,FE,probe
522_Kinect_FE_3,508,FE,probe
522_Kinect_NU_1,508,NU,gallery
522_Kinect_NU_2,508,NU,probe
522_Kinect_OC_1,508,OC,probe
522_Kinect_OC_2,508,OC,probe
522_Kinect_PS_1,508,PS,probe
522_Kinect_PS_2,508,PS,probe
524_Kinect_FE_1,508,FE,probe
524_Kinect_FE_2,508,FE,probe
524_Kinect_FE_3,508,FE,probe
524_Kinect_NU_1,508,NU,gallery
524_Kinect_NU_2,508,NU,probe
524_Kinect_OC_1,508,OC,probe
524_Kinect_OC_2,508,OC,probe
524_Kinect_PS_1,508,PS,probe
524_Kinect_PS_2,508,PS,probe
525_Kinect_FE_1,508,FE,probe
525_Kinect_FE_2,508,FE,probe
525_Kinect_FE_3,508,FE,probe
525_Kinect_NU_1,508,NU,gallery
525_Kinect_NU_2,508,NU,probe
525_Kinect_OC_1,508,OC,probe
525_Kinect_OC_2,508,OC,probe
525_Kinect_PS_1,508,PS,probe
525_Kinect_PS_2,508,PS,probe
526_Kinect_FE_1,508,FE,probe
526_Kinect_FE_2,508,FE,probe
526_Kinect_FE_3,508,FE,probe
526_Kinect_NU_1,508,NU,gallery
526_Kinect_NU_2,508,NU,probe
526_Kinect_OC_1,508,OC,probe
526_Kinect_OC_2,508,OC,probe
526_Kinect_PS_1,508,PS,probe
526_Kinect_PS_2,508,PS,probe
528_Kinect_FE_1,508,FE,probe
528_Kinect_FE_2,508,FE,probe
528_Kinect_FE_3,508,FE,probe
528_Kinect_NU_1,508,NU,gallery
528_Kinect_NU_2,508,NU,probe
528_Kinect_OC_1,508,OC,probe
528_Kinect_OC_2,508,OC,probe
528_Kinect_PS_1,508,PS,probe
528_Kinect_PS_2,508,PS,probe
531_Kinect_FE_1,508,FE,probe
531_Kinect_FE_2,508,FE,probe
531_Kinect_FE_3,508,FE,probe
531_Kinect_FE_4,508,FE,probe
531_Kinect_NU_1,508,NU,gallery
531_Kinect_NU_2,508,NU,probe
531_Kinect_OC_1,508,OC,probe
531_Kinect_OC_2,508,OC,probe
531_Kinect_PS_1,508,PS,probe
531_Kinect_PS_2,508,PS,probe
535_Kinect_FE_1,508,FE,probe
535_Kinect_FE_2,508,FE,probe
535_Kinect_FE_3,508,FE,probe
535_Kinect_FE_4,508,FE,probe
535_Kinect_FE_5,508,FE,probe
535_Kinect_FE_6,508,FE,probe
535_Kinect_NU_1,508,NU,gallery
535_Kinect_NU_2,508,NU,probe
535_Kinect_OC_1,508,OC,probe
535_Kinect_OC_2,508,OC,probe
535_Kinect_PS_1,508,PS,probe
535_Kinect_PS_2,508,PS,probe
538_Kinect_FE_1,508,FE,probe
538_Kinect_FE_2,508,FE,probe
538_Kinect_FE_3,508,FE,probe
538_Kinect_NU_1,508,NU,gallery
538_Kinect_NU_2,508,NU,probe
538_Kinect_OC_1,508,OC,probe
538_Kinect_OC_2,508,OC,probe
538_Kinect_PS_1,508,PS,probe
538_Kinect_PS_2,508,PS,probe
545_Kinect_FE_1,508,FE,probe
545_Kinect_FE_2,508,FE,probe
545_Kinect_FE_3,508,FE,probe
545_Kinect_FE_4,508,FE,probe
545_Kinect_NU_1,508,NU,gallery
545_Kinect_NU_2,508,NU,probe
545_Kinect_OC_1,508,OC,probe
545_Kinect_OC_2,508,OC,probe
545_Kinect_PS_1,508,PS,probe
545_Kinect_PS_2,508,PS,probe
602_Kinect_FE_1,477,TM,probe
602_Kinect_FE_2,477,TM,probe
602_Kinect_NU_1,477,TM,probe
602_Kinect_NU_2,477,TM,probe
602_Kinect_OC_1,477,TM,probe
602_Kinect_OC_2,477,TM,probe
602_Kinect_PS_1,477,TM,probe
602_Kinect_PS_2,477,TM,probe
605_Kinect_FE_1,437,TM,probe
605_Kinect_FE_2,437,TM,probe
605_Kinect_NU_1,437,TM,probe
605_Kinect_NU_2,437,TM,probe
605_Kinect_OC_1,437,TM,probe
605_Kinect_OC_2,437,TM,probe
605_Kinect_PS_1,437,TM,probe
605_Kinect_PS_2,437,TM,probe
620_Kinect_FE_1,495,TM,probe
620_Kinect_FE_2,495,TM,probe
620_Kinect_NU_1,495,TM,probe
620_Kinect_NU_2,495,TM,probe
620_Kinect_OC_1,495,TM,probe
620_Kinect_OC_2,495,TM,probe
620_Kinect_PS_1,495,TM,probe
620_Kinect_PS_2,495,TM,probe
625_Kinect_FE_1,11,TM,probe
625_Kinect_FE_2,11,TM,probe
625_Kinect_NU_1,11,TM,probe
625_Kinect_NU_2,11,TM,probe
625_Kinect_OC_1,11,TM,probe
625_Kinect_OC_2,11,TM,probe
625_Kinect_PS_1,11,TM,probe
625_Kinect_PS_2,11,TM,probe
626_Kinect_FE_1,463,TM,probe
626_Kinect_FE_2,463,TM,probe
626_Kinect_NU_1,463,TM,probe
626_Kinect_NU_2,463,TM,probe
626_Kinect_OC_1,463,TM,probe
626_Kinect_OC_2,463,TM,probe
626_Kinect_PS_1,463,TM,probe
626_Kinect_PS_2,463,TM,probe
629_Kinect_FE_1,399,TM,probe
629_Kinect_FE_2,399,TM,probe
629_Kinect_NU_1,399,TM,probe
629_Kinect_NU_2,399,TM,probe
629_Kinect_OC_1,399,TM,probe
629_Kinect_OC_2,399,TM,probe
629_Kinect_PS_1,399,TM,probe
629_Kinect_PS_2,399,TM,probe
634_Kinect_FE_1,401,TM,probe
634_Kinect_FE_2,401,TM,probe
634_Kinect_NU_1,401,TM,probe
634_Kinect_NU_2,401,TM,probe
634_Kinect_OC_1,401,TM,probe
634_Kinect_OC_2,401,TM,probe
634_Kinect_PS_1,401,TM,probe
634_Kinect_PS_2,401,TM,probe
635_Kinect_FE_1,400,TM,probe
635_Kinect_FE_2,400,TM,probe
635_Kinect_NU_1,400,TM,probe
635_Kinect_NU_2,400,TM,probe
635_Kinect_OC_1,400,TM,probe
635_Kinect_OC_2,400,TM,probe
635_Kinect_PS_1,400,TM,probe
635_Kinect_PS_2,400,TM,probe
638_Kinect_FE_1,393,TM,probe
638_Kinect_FE_2,393,TM,probe
638_Kinect_NU_1,393,TM,probe
638_Kinect_NU_2,393,TM,probe
638_Kinect_OC_1,393,TM,probe
638_Kinect_OC_2,393,TM,probe
638_Kinect_PS_1,393,TM,probe
638_Kinect_PS_2,393,TM,probe
643_Kinect_FE_1,228,TM,probe
643_Kinect_FE_2,228,TM,probe
643_Kinect_NU_1,228,TM,probe
643_Kinect_NU_2,228,TM,probe
643_Kinect_OC_1,228,TM,probe
643_Kinect_OC_2,228,TM,probe
643_Kinect_PS_1,228,TM,probe
643_Kinect_PS_2,228,TM,probe
651_Kinect_FE_1,239,TM,probe
651_Kinect_FE_2,239,TM,probe
651_Kinect_NU_1,239,TM,probe
651_Kinect_NU_2,239,TM,probe
651_Kinect_OC_1,239,TM,probe
651_Kinect_OC_2,239,TM,probe
651_Kinect_PS_1,239,TM,probe
651_Kinect_PS_2,239,TM,probe
655_Kinect_FE_1,238,TM,probe
655_Kinect_FE_2,238,TM,probe
655_Kinect_NU_1,238,TM,probe
655_Kinect_NU_2,238,TM,probe
655_Kinect_OC_1,238,TM,probe
655_Kinect_OC_2,238,TM,probe
655_Kinect_PS_1,238,TM,probe
655_Kinect_PS_2,238,TM,probe
656_Kinect_FE_1,242,TM,probe
656_Kinect_FE_2,242,TM,probe
656_Kinect_NU_1,242,TM,probe
656_Kinect_NU_2,242,TM,probe
656_Kinect_OC_1,242,TM,probe
656_Kinect_OC_2,242,TM,probe
656_Kinect_PS_1,242,TM,probe
656_Kinect_PS_2,242,TM,probe
658_Kinect_FE_1,246,TM,probe
658_Kinect_FE_2,246,TM,probe
658_Kinect_NU_1,246,TM,probe
658_Kinect_NU_2,246,TM,probe
658_Kinect_OC_1,246,TM,probe
658_Kinect_OC_2,246,TM,probe
658_Kinect_PS_1,246,TM,probe
658_Kinect_PS_2,246,TM,probe
660_Kinect_FE_1,248,TM,probe
660_Kinect_FE_2,248,TM,probe
660_Kinect_NU_1,248,TM,probe
660_Kinect_NU_2,248,TM,probe
660_Kinect_OC_1,248,TM,probe
660_Kinect_OC_2,248,TM,probe
660_Kinect_PS_1,248,TM,probe
660_Kinect_PS_2,248,TM,probe
661_Kinect_FE_1,243,TM,probe
661_Kinect_FE_2,243,TM,probe
661_Kinect_NU_1,243,TM,probe
661_Kinect_NU_2,243,TM,probe
661_Kinect_OC_1,243,TM,probe
661_Kinect_OC_2,243,TM,probe
661_Kinect_PS_1,243,TM,probe
661_Kinect_PS_2,243,TM,probe
663_Kinect_FE_1,249,TM,probe
663_Kinect_FE_2,249,TM,probe
663_Kinect_NU_1,249,TM,probe
663_Kinect_NU_2,249,TM,probe
663_Kinect_OC_1,249,TM,probe
663_Kinect_OC_2,249,TM,probe
663_Kinect_PS_1,249,TM,probe
663_Kinect_PS_2,249,TM,probe
664_Kinect_FE_1,250,TM,probe
664_Kinect_FE_2,250,TM,probe
664_Kinect_NU_1,250,TM,probe
664_Kinect_NU_2,250,TM,probe
664_Kinect_OC_1,250,TM,probe
664_Kinect_OC_2,250,TM,probe
664_Kinect_PS_1,250,TM,probe
664_Kinect_PS_2,250,TM,probe
667_Kinect_FE_1,253,TM,probe
667_Kinect_FE_2,253,TM,probe
667_Kinect_NU_1,253,TM,probe
667_Kinect_NU_2,253,TM,probe
667_Kinect_OC_1,253,TM,probe
667_Kinect_OC_2,253,TM,probe
667_Kinect_PS_1,253,TM,probe
667_Kinect_PS_2,253,TM,probe
671_Kinect_FE_1,255,TM,probe
671_Kinect_FE_2,255,TM,probe
671_Kinect_NU_1,255,TM,probe
671_Kinect_NU_2,255,TM,probe
671_Kinect_OC_1,255,TM,probe
671_Kinect_OC_2,255,TM,probe
671_Kinect_PS_1,255,TM,probe
671_Kinect_PS_2,255,TM,probe
673_Kinect_FE_1,223,TM,probe
673_Kinect_FE_2,223,TM,probe
673_Kinect_NU_1,223,TM,probe
673_Kinect_NU_2,223,TM,probe
673_Kinect_OC_1,223,TM,probe
673_Kinect_OC_2,223,TM,probe
673_Kinect_PS_1,223,TM,probe
673_Kinect_PS_2,223,TM,probe
674_Kinect_FE_1,221,TM,probe
674_Kinect_FE_2,221,TM,probe
674_Kinect_NU_1,221,TM,probe
674_Kinect_NU_2,221,TM,probe
674_Kinect_OC_1,221,TM,probe
674_Kinect_OC_2,221,TM,probe
674_Kinect_PS_1,221,TM,probe
674_Kinect_PS_2,221,TM,probe
679_Kinect_FE_1,219,TM,probe
679_Kinect_FE_2,219,TM,probe
679_Kinect_NU_1,219,TM,probe
679_Kinect_NU_2,219,TM,probe
679_Kinect_OC_1,219,TM,probe
679_Kinect_OC_2,219,TM,probe
679_Kinect_PS_1,219,TM,probe
679_Kinect_PS_2,219,TM,probe
683_Kinect_FE_1,369,TM,probe
683_Kinect_FE_2,369,TM,probe
683_Kinect_NU_1,369,TM,probe
683_Kinect_NU_2,369,TM,probe
683_Kinect_OC_1,369,TM,probe
683_Kinect_OC_2,369,TM,probe
683_Kinect_PS_1,369,TM,probe
683_Kinect_PS_2,369,TM,probe
688_Kinect_FE_1,349,TM,probe
688_Kinect_FE_2,349,TM,probe
688_Kinect_NU_1,349,TM,probe
688_Kinect_NU_2,349,TM,probe
688_Kinect_OC_1,349,TM,probe
688_Kinect_OC_2,349,TM,probe
688_Kinect_PS_1,349,TM,probe
688_Kinect_PS_2,349,TM,probe
694_Kinect_FE_1,318,TM,probe
694_Kinect_FE_2,318,TM,probe
694_Kinect_NU_1,318,TM,probe
694_Kinect_NU_2,318,TM,probe
694_Kinect_OC_1,318,TM,probe
694_Kinect_OC_2,318,TM,probe
694_Kinect_PS_1,318,TM,probe
694_Kinect_PS_2,318,TM,probe
695_Kinect_FE_1,362,TM,probe
695_Kinect_FE_2,362,TM,probe
695_Kinect_NU_1,362,TM,probe
695_Kinect_NU_2,362,TM,probe
695_Kinect_OC_1,362,TM,probe
695_Kinect_OC_2,362,TM,probe
695_Kinect_PS_1,362,TM,probe
695_Kinect_PS_2,362,TM,probe
698_Kinect_FE_1,341,TM,probe
698_Kinect_FE_2,341,TM,probe
698_Kinect_NU_1,341,TM,probe
698_Kinect_NU_2,341,TM,probe
698_Kinect_OC_1,341,TM,probe
698_Kinect_OC_2,341,TM,probe
698_Kinect_PS_1,341,TM,probe
698_Kinect_PS_2,341,TM,probe
700_Kinect_FE_1,375,TM,probe
700_Kinect_FE_2,375,TM,probe
700_Kinect_NU_1,375,TM,probe
700_Kinect_NU_2,375,TM,probe
700_Kinect_OC_1,375,TM,probe
700_Kinect_OC_2,375,TM,probe
700_Kinect_PS_1,375,TM,probe
700_Kinect_PS_2,375,TM,probe
703_Kinect_FE_1,357,TM,probe
703_Kinect_FE_2,357,TM,probe
703_Kinect_NU_1,357,TM,probe
703_Kinect_NU_2,357,TM,probe
703_Kinect_OC_1,357,TM,probe
703_Kinect_OC_2,357,TM,probe
703_Kinect_PS_1,357,TM,probe
703_Kinect_PS_2,357,TM,probe
705_Kinect_FE_1,372,TM,probe
705_Kinect_FE_2,372,TM,probe
705_Kinect_NU_1,372,TM,probe
705_Kinect_NU_2,372,TM,probe
705_Kinect_OC_1,372,TM,probe
705_Kinect_OC_2,372,TM,probe
705_Kinect_PS_1,372,TM,probe
705_Kinect_PS_2,372,TM,probe
707_Kinect_FE_1,371,TM,probe
707_Kinect_FE_2,371,TM,probe
707_Kinect_NU_1,371,TM,probe
707_Kinect_NU_2,371,TM,probe
707_Kinect_OC_1,371,TM,probe
707_Kinect_OC_2,371,TM,probe
707_Kinect_PS_1,371,TM,probe
707_Kinect_PS_2,371,TM,probe
708_Kinect_FE_1,374,TM,probe
708_Kinect_FE_2,374,TM,probe
708_Kinect_NU_1,374,TM,probe
708_Kinect_NU_2,374,TM,probe
708_Kinect_OC_1,374,TM,probe
708_Kinect_OC_2,374,TM,probe
708_Kinect_PS_1,374,TM,probe
708_Kinect_PS_2,374,TM,probe
711_Kinect_FE_1,353,TM,probe
711_Kinect_FE_2,353,TM,probe
711_Kinect_NU_1,353,TM,probe
711_Kinect_NU_2,353,TM,probe
711_Kinect_OC_1,353,TM,probe
711_Kinect_OC_2,353,TM,probe
711_Kinect_PS_1,353,TM,probe
711_Kinect_PS_2,353,TM,probe
714_Kinect_FE_1,367,TM,probe
714_Kinect_FE_2,367,TM,probe
714_Kinect_NU_1,367,TM,probe
714_Kinect_NU_2,367,TM,probe
714_Kinect_OC_1,367,TM,probe
714_Kinect_OC_2,367,TM,probe
714_Kinect_PS_1,367,TM,probe
714_Kinect_PS_2,367,TM,probe
717_Kinect_FE_1,323,TM,probe
717_Kinect_FE_2,323,TM,probe
717_Kinect_NU_1,323,TM,probe
717_Kinect_NU_2,323,TM,probe
717_Kinect_OC_1,323,TM,probe
717_Kinect_OC_2,323,TM,probe
717_Kinect_PS_1,323,TM,probe
717_Kinect_PS_2,323,TM,probe
719_Kinect_FE_1,322,TM,probe
719_Kinect_FE_2,322,TM,probe
719_Kinect_NU_1,322,TM,probe
719_Kinect_NU_2,322,TM,probe
719_Kinect_OC_1,322,TM,probe
719_Kinect_OC_2,322,TM,probe
719_Kinect_PS_1,322,TM,probe
719_Kinect_PS_2,322,TM,probe
720_Kinect_FE_1,324,TM,probe
720_Kinect_FE_2,324,TM,probe
720_Kinect_NU_1,324,TM,probe
720_Kinect_NU_2,324,TM,probe
720_Kinect_OC_1,324,TM,probe
720_Kinect_OC_2,324,TM,probe
720_Kinect_PS_1,324,TM,probe
720_Kinect_PS_2,324,TM,probe
725_Kinect_FE_1,308,TM,probe
725_Kinect_FE_2,308,TM,probe
725_Kinect_NU_1,308,TM,probe
725_Kinect_NU_2,308,TM,probe
725_Kinect_OC_1,308,TM,probe
725_Kinect_OC_2,308,TM,probe
725_Kinect_PS_1,308,TM,probe
725_Kinect_PS_2,308,TM,probe
727_Kinect_FE_1,307,TM,probe
727_Kinect_FE_2,307,TM,probe
727_Kinect_NU_1,307,TM,probe
727_Kinect_NU_2,307,TM,probe
727_Kinect_OC_1,307,TM,probe
727_Kinect_OC_2,307,TM,probe
727_Kinect_PS_1,307,TM,probe
727_Kinect_PS_2,307,TM,probe
738_Kinect_FE_1,271,TM,probe
738_Kinect_FE_2,271,TM,probe
738_Kinect_NU_1,271,TM,probe
738_Kinect_NU_2,271,TM,probe
738_Kinect_OC_1,271,TM,probe
738_Kinect_OC_2,271,TM,probe
738_Kinect_PS_1,271,TM,probe
738_Kinect_PS_2,271,TM,probe
739_Kinect_FE_1,273,TM,probe
739_Kinect_FE_2,273,TM,probe
739_Kinect_NU_1,273,TM,probe
739_Kinect_NU_2,273,TM,probe
739_Kinect_OC_1,273,TM,probe
739_Kinect_OC_2,273,TM,probe
739_Kinect_PS_1,273,TM,probe
739_Kinect_PS_2,273,TM,probe
744_Kinect_FE_1,284,TM,probe
744_Kinect_FE_2,284,TM,probe
744_Kinect_NU_1,284,TM,probe
744_Kinect_NU_2,284,TM,probe
744_Kinect_OC_1,284,TM,probe
744_Kinect_OC_2,284,TM,probe
744_Kinect_PS_1,284,TM,probe
744_Kinect_PS_2,284,TM,probe
745_Kinect_FE_1,283,TM,probe
745_Kinect_FE_2,283,TM,probe
745_Kinect_NU_1,283,TM,probe
745_Kinect_NU_2,283,TM,probe
745_Kinect_OC_1,283,TM,probe
745_Kinect_OC_2,283,TM,probe
745_Kinect_PS_1,283,TM,probe
745_Kinect_PS_2,283,TM,probe
747_Kinect_FE_1,282,TM,probe
747_Kinect_FE_2,282,TM,probe
747_Kinect_NU_1,282,TM,probe
747_Kinect_NU_2,282,TM,probe
747_Kinect_OC_1,282,TM,probe
747_Kinect_OC_2,282,TM,probe
747_Kinect_PS_1,282,TM,probe
747_Kinect_PS_2,282,TM,probe
754_Kinect_FE_1,293,TM,probe
754_Kinect_FE_2,293,TM,probe
754_Kinect_NU_1,293,TM,probe
754_Kinect_NU_2,293,TM,probe
754_Kinect_OC_1,293,TM,probe
754_Kinect_OC_2,293,TM,probe
754_Kinect_PS_1,293,TM,probe
754_Kinect_PS_2,293,TM,probe
755_Kinect_FE_1,290,TM,probe
755_Kinect_FE_2,290,TM,probe
755_Kinect_NU_1,290,TM,probe
755_Kinect_NU_2,290,TM,probe
755_Kinect_OC_1,290,TM,probe
755_Kinect_OC_2,290,TM,probe
755_Kinect_PS_1,290,TM,probe
755_Kinect_PS_2,290,TM,probe
756_Kinect_FE_1,300,TM,probe
756_Kinect_FE_2,300,TM,probe
756_Kinect_NU_1,300,TM,probe
756_Kinect_NU_2,300,TM,probe
756_Kinect_OC_1,300,TM,probe
756_Kinect_OC_2,300,TM,probe
756_Kinect_PS_1,300,TM,probe
756_Kinect_PS_2,300,TM,probe
757_Kinect_FE_1,295,TM,probe
757_Kinect_FE_2,295,TM,probe
757_Kinect_NU_1,295,TM,probe
757_Kinect_NU_2,295,TM,probe
757_Kinect_OC_1,295,TM,probe
757_Kinect_OC_2,295,TM,probe
757_Kinect_PS_1,295,TM,probe
757_Kinect_PS_2,295,TM,probe
761_Kinect_FE_1,299,TM,probe
761_Kinect_FE_2,299,TM,probe
761_Kinect_NU_1,299,TM,probe
761_Kinect_NU_2,299,TM,probe
761_Kinect_OC_1,299,TM,probe
761_Kinect_OC_2,299,TM,probe
761_Kinect_PS_1,299,TM,probe
761_Kinect_PS_2,299,TM,probe
766_Kinect_FE_1,330,TM,probe
766_Kinect_FE_2,330,TM,probe
766_Kinect_NU_1,330,TM,probe
766_Kinect_NU_2,330,TM,probe
766_Kinect_OC_1,330,TM,probe
766_Kinect_OC_2,330,TM,probe
766_Kinect_PS_1,330,TM,probe
766_Kinect_PS_2,330,TM,probe
769_Kinect_FE_1,328,TM,probe
769_Kinect_NU_1,328,TM,probe
769_Kinect_NU_2,328,TM,probe
769_Kinect_OC_1,328,TM,probe
769_Kinect_OC_2,328,TM,probe
769_Kinect_PS_1,328,TM,probe
769_Kinect_PS_2,328,TM,probe
770_Kinect_FE_1,384,TM,probe
770_Kinect_FE_2,384,TM,probe
770_Kinect_NU_1,384,TM,probe
770_Kinect_NU_2,384,TM,probe
770_Kinect_OC_1,384,TM,probe
770_Kinect_OC_2,384,TM,probe
770_Kinect_PS_1,384,TM,probe
770_Kinect_PS_2,384,TM,probe
